Project Title,Source URL,Summary,Date Published,Location,Source,First Seen,Score
Repair Aircraft Hangar Apron Concrete - Air Station North Bend,https://sam.gov/opp/88c61ac23c854b07a9bd1438718bfde2/view,https://api.sam.gov/prod/opportunities/v1/noticedesc?noticeid=88c61ac23c854b07a9bd1438718bfde2,2026-08-31,United States - Oregon,sam_gov,2026-08-31,20
"AMENDMENT 0002 DEADLINE UPDATE, RFP, N6247324R3204,N6247326RG006 CHINA LAKE PILOT PLANT HISTORIC DISTRICT AND HANGAR 1 HISTORIC AMERICAN BUILDING SURVEY DOCUMENTATION AT NAVAL AIR WEAPONS STATION CHINA LAKE, RIDGECREST, CALIFORNIA",https://sam.gov/opp/6782fb435b38452b9f6cee1be9906ae5/view,https://api.sam.gov/prod/opportunities/v1/noticedesc?noticeid=6782fb435b38452b9f6cee1be9906ae5,2026-08-31,United States,sam_gov,2026-08-31,28
Cyber Maintenance Hangar Modernization,https://sam.gov/opp/b5d7f671e6ce436a9efc327dece3a209/view,https://api.sam.gov/prod/opportunities/v1/noticedesc?noticeid=b5d7f671e6ce436a9efc327dece3a209,2026-08-27,United States - Ohio,sam_gov,2026-08-31,20
PN 93099 Aircraft Maintenance Hangar,https://sam.gov/opp/842653a87f604b20bfb9f2031ba69330/view,https://api.sam.gov/prod/opportunities/v1/noticedesc?noticeid=842653a87f604b20bfb9f2031ba69330,2026-08-27,United States,sam_gov,2026-08-31,26
Progressive Design Build (PDB) - Cyber Maintenance Hangar Modernization,https://sam.gov/opp/18434b5ee12841d9bd10d495a7cc710b/view,https://api.sam.gov/prod/opportunities/v1/noticedesc?noticeid=18434b5ee12841d9bd10d495a7cc710b,2026-08-27,United States - Ohio,sam_gov,2026-08-31,20
W8703-270094 Low-Cost Uncrewed Aircraft Systems (UAS) RFP-A,https://canadabuys.canada.ca/en/tender-opportunities/tender-notice/WS5853743341-Doc5853864815,,2026-08-27,Canada,canadabuys,2026-08-31,18
New questions threaten controversial massive hangar project at Hillsboro Airport,https://katu.com/news/local/hillsboro-city-council-considers-controversial-sky-harbour-hangar-development-hillsboro-airport-oregon-aviation-watch-city-councilor-kipperlyn-sinclair,The Hillsboro City Council is taking a fresh look at a proposed private aircraft hangar development at Hillsboro Airport after opponents appealed the...,2026-08-19,United States - Oregon,news,2026-08-24,13
"New $3.13 million maintenance hangar dedicated at Merrill Airport, filling vital regional gap","https://merrillfotonews.com/stories/new-313-million-maintenance-hangar-dedicated-at-merrill-airport-filling-vital-regional-gap,350839","On Friday, August 14, 2026, local, state, and federal officials gathered at the Merrill Municipal Airport for a ribbon-cutting ceremony to dedicate a new,...",2026-08-21,United States - Wisconsin,news,2026-08-24,21
Port board approves term sheet for Hangar B sale,https://www.tillamookheadlightherald.com/news/port-board-approves-term-sheet-for-hangar-b-sale/article_f2d9bc6b-367f-4b51-88e3-05d3150c3c19.html,"Following an extended executive session, the board of commissioners for the Port of Tillamook Bay approved a term sheet for the sale of the historic Hangar...",2026-08-21,Unknown,news,2026-08-24,14
A $1 deal could save Tillamook’s iconic WWII blimp hangar,https://www.oregonlive.com/living/2026/08/tillamooks-storm-damaged-wwii-blimp-hangar-will-be-sold-for-1.html,"Tillamook's Hangar B, once deemed one of the largest free-standing wooden structures in the world, will be purchased by a Utah nonprofit that hopes make...",2026-08-21,United States - Oregon,news,2026-08-24,15
Alaska Airlines Breaks Ground on New Hangar at Portland International Airport,https://safariindia.com/alaska-airlines-breaks-ground-on-new-hangar/,"Alaska Airlines has marked the ceremonial groundbreaking of a new maintenance hangar at Portland International Airport (PDX), reinforcing its long-term.",2026-08-21,United States - Oregon,news,2026-08-24,28
Plans to add private jet hangars to Oregon’s second-busiest airport hit turbulence,https://www.oregonlive.com/washingtoncounty/2026/08/plans-to-add-private-jet-hangars-to-oregons-second-busiest-airport-hit-turbulence.html,"A planned expansion to Oregon's second-busiest airport would add multiple hangars for private jet storage. As far as Hillsboro residents are concerned,...",2026-08-21,United States - Oregon,news,2026-08-24,20
Decision on Hillsboro Airport new private jet hangars pushed to October,https://forestgrovenewstimes.com/2026/08/19/decision-on-hillsboro-airport-new-private-jet-hangars-pushed-to-october/,The fate of a proposed private jet hangar development at the Hillsboro Airport will remain up in the air until October after hours of testimony from...,2026-08-19,United States - Oregon,news,2026-08-24,23
Committee to Consider $1.6 Million Contract for Police Heliport Hangar,https://pasadenanow.com/main/committee-to-consider-1-6-million-contract-for-police-heliport-hangar,[photo credit: City of Pasadena] The Pasadena Finance/Audit Committee is scheduled to consider on Monday whether to recommend that the City Council award a...,2026-08-24,United States - California,news,2026-08-24,21
Sovereign Skies: Queensland Invests A$12 Million in Wellcamp Aircraft Refinishing Facility,https://www.nomadlawyer.org/toowoomba-wellcamp-airport-aircraft-maintenance-refinishing-2026,"Queensland invests A$12 million in a new wide-body aircraft maintenance hangar at Toowoomba Wellcamp Airport, leveraging almost A$52 million in total...",2026-08-21,Australia - Queensland,news,2026-08-24,19
Turkish Technic adds seventh Istanbul hangar to boost MRO,https://www.thetraveler.org/turkish-technic-adds-seventh-istanbul-hangar-to-boost-mro/,"Turkish Technic has brought a seventh hangar into service in Istanbul, expanding maintenance capacity and underscoring Turkey's bid to be a regional...",2026-08-24,Turkey,news,2026-08-24,18
Queensland announces funding for wide-body aircraft paint and refinishing facility in Toowoomba,https://www.defenceconnect.com.au/air/18749-queensland-announces-funding-for-wide-body-aircraft-paint-and-refinishing-facility-in-toowoomba,The Queensland government has announced it will invest $12 million for Australia's first sovereign wide-body aircraft paint and refinishing facility in...,2026-08-20,Australia - Queensland,news,2026-08-24,12
Aviation Infrastructure: Turkish Technic Opens Seventh Istanbul Hangar,https://www.nomadlawyer.org/turkish-technic-seventh-hangar-istanbul-ataturk-airport-2026,"Turkish Technic has opened its seventh aircraft maintenance hangar at Istanbul Atatürk Airport, expanding capacity to 57 planes simultaneously.",2026-08-24,Turkey,news,2026-08-24,13
37th Helo Squadron and 90 MSOS TRF Building Ribbon Cutting,https://www.warren.af.mil/News/Article-Display/Article/4578025/37th-helo-squadron-and-90-msos-trf-building-ribbon-cutting/,"On August 14, 2026, the 37th Helicopter Squadron at F.E. Warren Air Force Base held a ribbon-cutting ceremony for the MH-139 Grey Wolf hangar and 90th...",2026-08-20,United States - Wyoming,news,2026-08-24,15
AAR Expands Aircraft Maintenance Facility at Miami Airport,https://deeparrival.com/news/aar-mia-aircraft-maintenance-expansion-august-2026/,"AAR adds more than 100000 square feet of heavy maintenance capacity at MIA, with three lines, autumn induction, and 200 jobs.",2026-08-18,United States - Florida,news,2026-08-24,16
Industrial Hangar Fans Maintenance,https://sam.gov/opp/34e9ddf1d7fa4982bac933623b6c04bb/view,https://api.sam.gov/prod/opportunities/v1/noticedesc?noticeid=34e9ddf1d7fa4982bac933623b6c04bb,2026-08-24,United States - Texas,sam_gov,2026-08-24,20
"Hangar Doors, Automatic Sliding Doors, and Automatic Sliding Gate Maintenance Services for NAFM, Japan",https://sam.gov/opp/0e9a1ed32d884f9d9ee3638eb808eeb8/view,https://api.sam.gov/prod/opportunities/v1/noticedesc?noticeid=0e9a1ed32d884f9d9ee3638eb808eeb8,2026-08-23,Japan,sam_gov,2026-08-24,20
Spare parts for Aircraft/Airfield Snow & Ice Control Equipment (ASNIC),https://canadabuys.canada.ca/en/tender-opportunities/tender-notice/cb-431-10698517,,2026-08-19,Canada - Alberta,canadabuys,2026-08-24,14
Goodwyn Mills Cawood Supports Completion of Richard Arthur Field Airport Expansion in Alabama,https://www.constructionowners.com/news/goodwyn-mills-cawood-supports-completion-of-richard-arthur-field-airport-expansion-in-alabama,"Goodwyn Mills Cawood supported the expansion of Richard Arthur Field Airport in Fayette, Alabama, adding new hangars, apron space, and airfield...",2026-08-11,United States - Alabama,news,2026-08-17,12
South Korea's t'way Air delays MRO hangar to late 4Q27,https://www.ch-aviation.com/news/170617-south-koreas-tway-air-delays-mro-hangar-to-late-4q27,"t'way Air (TW, Daegu) has again postponed construction of its planned KRW136.5 billion won (USD96.4 million) maintenance hangar at Seoul Incheon airport,...",2026-08-12,South Korea,news,2026-08-17,28
New hangar facility prepares F.E. Warren AFB for next step in nuclear security,https://www.wyomingnews.com/laramieboomerang/news/new-hangar-facility-prepares-f-e-warren-afb-for-next-step-in-nuclear-security/article_23abb4d0-c9a2-48a0-a6bf-580137202060.html,"CHEYENNE — A new $140 million helicopter and Tactical Response Force operations facility at F.E. Warren Air Force Base officially opened Friday,...",2026-08-16,United States - Wyoming,news,2026-08-17,18
N180bn aircraft maintenance drain puts Nigeria’s MRO ambitions to test,https://www.google.com/goto?url=CAESmQEB7keqTUBAIxI7NqWWJEQgoloZgAHzpDr-AEHkMPlhOUQ7LmMWLZ3mGqQDFmcp7q1k_JETNyPrPfxMdzsuxRv7PAehaszjmuYbhi3U1eGwsl2Tt2YbufMaBEz1yLLktNdL9rXBJvh-_HTW_PRRxhfeLd8IwOVJWM4piz_4uv4_HCJI9Z1F6HxOvc8rBUrHI9Aph9ytmGMAp18=,"The Nigerian aviation industry is losing a significant share of its aircraft maintenance spending to overseas facilities, with local airlines still forced...",2026-08-11,Nigeria,news,2026-08-17,12
Chandler Approves 29 New Executive Hangars,https://avweb.com/aviation-news/chandler-approves-29-executive-hangars/,Private development at Chandler Municipal Airport will add more than 113000 square feet of aircraft storage at the Arizona airport.,2026-08-14,United States - Arizona,news,2026-08-17,24
"Perini Management Services, Inc. Awarded $42 Million Construction Completion Project at Tabuk Air Base, Saudi Arabia",https://finance.yahoo.com/real-estate/articles/perini-management-services-inc-awarded-100000268.html,"LOS ANGELES, August 13, 2026--Tutor Perini Corporation (NYSE: TPC) (the ""Company""), a leading civil, building and specialty construction company,...",2026-08-13,Saudi Arabia,news,2026-08-17,23
Fort Smith’s Ebbing Air Force Base awarded construction contracts,https://www.aol.com/articles/fort-smith-ebbing-air-force-015116000.html,"FORT SMITH, Ark. (KNWA/KFTA) — The Army Corps of Engineers has been awarded nearly $81 million in contracts as part of a multi-year buildout for Ebbing Air...",2026-08-12,United States - Arkansas,news,2026-08-17,16
Iowa airports get $10M boost for safety and upgrades,https://www.kwwl.com/news/iowa-airports-get-10m-boost-for-safety-and-upgrades/article_795004ac-4346-4fd2-bb31-0b3d6bcc23f8.html,The Iowa Transportation Commission approved more than $10 million for the state's aviation program in the next fiscal year.,2026-08-12,United States - Iowa,news,2026-08-17,12
"Minden-Tahoe Eyes Landing Fees, More Hangars",https://avweb.com/aviation-news/minden-taho-landing-fees-hangar-waitlist/,Minden-Tahoe Airport in Nevada is considering landing fees and additional hangar development as officials look for ways to increase airport revenue.,2026-08-13,United States - New York,news,2026-08-17,20
Major aircraft maintenance facility proposed for Shannon Airport,https://www.clareecho.ie/major-aircraft-maintenance-facility-proposed-for-shannon-airport/,"A MAJOR new aircraft Maintenance, Repair and Overhaul (MRO) facility has been proposed for Shannon Airport, with plans lodged for a new hangar building,...",2026-08-16,Ireland,news,2026-08-17,26
Eno pledges completion of aircraft maintenance facility as Ibom Air acquires new Airbus soon,https://businessday.ng/life/article/eno-pledges-completion-of-aircraft-maintenance-facility-as-ibom-air-acquires-new-airbus-soon/?utm_source=auto-read-also&utm_medium=web&amp,"Governor Umo Eno of Akwa Ibom State has pledged to complete the Maintenance, Repair and Overhaul (MRO) facility at the Victor Attah...",2026-08-16,Nigeria,news,2026-08-17,15
Airport repair bids come in under budget,https://www.southernminn.com/owatonna_peoples_press/news/airport-repair-bids-come-in-under-budget/article_bc121b24-1664-4a20-bee1-26b6e3cc885a.html,"Degner Regional Airport is due for additional maintenance, on top of a repair project approved last month.",2026-08-15,United States,news,2026-08-17,12
"Danville government wrap-up: Air ambulance approved, hangar fees delayed, school budget finalized",https://www.chathamstartribune.com/education/article_20f0d152-8ef6-496f-a29a-d7e69fc87044.html,"Rocky Mountain Holdings, under the name of Air Care Eagle, will set up shop at Danville Regional Airport. ""The helicopter will be based at the Danville...",2026-08-12,United States - Virginia,news,2026-08-17,22
Brussels Airport Begins Construction of Quieter Aircraft Engine Testing Facility,https://www.travelwires.com/brussels-airport-begins-construction-of-quieter-aircraft-engine-testing-facility/,Brussels Airport has begun construction of a new ground run-up enclosure (GRE) designed to reduce noise generated during post-maintenance aircraft engine...,2026-08-13,Belgium,news,2026-08-17,12
"Around Chandler: Week of Aug. 16, 2026",https://www.chandlernews.com/arizonan/citynews/around-chandler-week-of-aug-16-2026/article_35a25e1d-dad8-49f6-9b81-c928140d66dd.html,Chandler awards contract to build hangars at Airport. The City of Chandler has approved a ground lease with Vesper Aviation and CHD Curtis East LLC to build...,2026-08-16,United States - Arizona,news,2026-08-17,14
Fire suppression aircraft grounded due to weather,https://www.kolotv.com/2026/08/13/fire-suppression-aircraft-grounded-due-weather/,"RENO, Nev. (KOLO) - Fire suppression aircraft have been grounded at Reno Stead Airport due to the weather, according to Washoe County officials.",2026-08-13,United States - Nevada,news,2026-08-17,12
"RFI - 37250PR260000091 - USCG Sector San Diego - FAA Regulated Hangar Fire System Testing, Certification, and Maintenance + Standard Fire Equipment and Systems Testing and Certification",https://sam.gov/opp/9c267915e382491ca7e822ab9b0065d4/view,https://api.sam.gov/prod/opportunities/v1/noticedesc?noticeid=9c267915e382491ca7e822ab9b0065d4,2026-08-14,United States - California,sam_gov,2026-08-17,20
129 CEF - Repair Hangar Doors,https://sam.gov/opp/e4d9cac5f73a431eaa603511bcfe649c/view,https://api.sam.gov/prod/opportunities/v1/noticedesc?noticeid=e4d9cac5f73a431eaa603511bcfe649c,2026-08-13,United States - California,sam_gov,2026-08-17,20
"REQUEST FOR PROPOSAL (RFP), N62473-24-R-3204_ N62473-26-R-G-006 CHINA LAKE PILOT PLANT HISTORIC DISTRICT AND HANGAR 1 HISTORIC AMERICAN BUILDING SURVEY DOCUMENTATION AT NAVAL AIR WEAPONS STATION CHINA LAKE, RIDGECREST, CALIFORNIA",https://sam.gov/opp/cc2d38477ec8460e81aedccf754f4ddf/view,https://api.sam.gov/prod/opportunities/v1/noticedesc?noticeid=cc2d38477ec8460e81aedccf754f4ddf,2026-08-13,United States,sam_gov,2026-08-17,38
"TINKER AFB MAC BOA WWYK250131 Replace Ridge Cap on Hangar Roof, B824",https://sam.gov/opp/313f6775ed6f4684be1f411338acce64/view,https://api.sam.gov/prod/opportunities/v1/noticedesc?noticeid=313f6775ed6f4684be1f411338acce64,2026-08-13,United States - Oklahoma,sam_gov,2026-08-17,20
Lead Paint Abatement – Hangar Doors,https://sam.gov/opp/ff9effb24b9c4920908e2efeccf62556/view,https://api.sam.gov/prod/opportunities/v1/noticedesc?noticeid=ff9effb24b9c4920908e2efeccf62556,2026-08-12,United States,sam_gov,2026-08-17,20
"Repair B632, Fire Suppression and Hangar Door",https://sam.gov/opp/f8f692def0e249a3a326d8279cd428f2/view,https://api.sam.gov/prod/opportunities/v1/noticedesc?noticeid=f8f692def0e249a3a326d8279cd428f2,2026-08-11,United States - Illinois,sam_gov,2026-08-17,32
HANGAR 9 CAMERA UPGRADE,https://sam.gov/opp/dac493095ca5478fa95bee4d798e491a/view,https://api.sam.gov/prod/opportunities/v1/noticedesc?noticeid=dac493095ca5478fa95bee4d798e491a,2026-08-11,United States - Hawaii,sam_gov,2026-08-17,20
Design-Build to Budget (DB2B) Tactical Unmanned Aerial Vehicle (TUAV) Hangar,https://sam.gov/opp/cd6fea492fef48a3b99b7154d8536181/view,https://api.sam.gov/prod/opportunities/v1/noticedesc?noticeid=cd6fea492fef48a3b99b7154d8536181,2026-08-11,United States,sam_gov,2026-08-17,24
HANGAR FIRE SUPPRESSION SYSTEM RENOVATION,https://sam.gov/opp/c29702c2861842599e28bc5f1654beae/view,https://api.sam.gov/prod/opportunities/v1/noticedesc?noticeid=c29702c2861842599e28bc5f1654beae,2026-08-11,United States,sam_gov,2026-08-17,32
"Sole Source OEM ""Jered, LLC"" - Helicopter Hangar Door Parts",https://sam.gov/opp/789609e02d034417b4fcea9d7f82196f/view,https://api.sam.gov/prod/opportunities/v1/noticedesc?noticeid=789609e02d034417b4fcea9d7f82196f,2026-08-11,Japan,sam_gov,2026-08-17,20
"Aircraft Hangar Fall Arrest System Maintenance, Certification & Repair Services on Andersen AFB, Guam",https://sam.gov/opp/4f9ad1b948004c4fafc4b72c1f6173fa/view,https://api.sam.gov/prod/opportunities/v1/noticedesc?noticeid=4f9ad1b948004c4fafc4b72c1f6173fa,2026-08-11,United States - Guam,sam_gov,2026-08-17,20
Scott AFB IL Hangar Roof Repair,https://sam.gov/opp/4a072ceb1c45428588e9c7dbb24dfd99/view,https://api.sam.gov/prod/opportunities/v1/noticedesc?noticeid=4a072ceb1c45428588e9c7dbb24dfd99,2026-08-07,United States - Illinois,sam_gov,2026-08-17,20
New Hangar Air Compressor,https://sam.gov/opp/47046d19bf49486e9ecf8bc4f7d7b25d/view,https://api.sam.gov/prod/opportunities/v1/noticedesc?noticeid=47046d19bf49486e9ecf8bc4f7d7b25d,2026-08-07,United States - Florida,sam_gov,2026-08-17,20
"Repairs to Hangar 6, B9670 @ MCAS Miramar, San Diego, CA",https://sam.gov/opp/d26555ac1d124aafac7962c8a32dea80/view,https://api.sam.gov/prod/opportunities/v1/noticedesc?noticeid=d26555ac1d124aafac7962c8a32dea80,2026-08-06,United States - California,sam_gov,2026-08-17,20
Retrofit of Existing Hangar - ADAL Fuel Cell Building 1674,https://sam.gov/opp/685bf58016264fca9a336e1ac5022779/view,https://api.sam.gov/prod/opportunities/v1/noticedesc?noticeid=685bf58016264fca9a336e1ac5022779,2026-08-06,United States,sam_gov,2026-08-17,20
"A-E 35% Design Aircraft Hangar Repair Fire Protection Systems PDPG22-1009 March ARB, CA",https://sam.gov/opp/e4a0f355e40a406c972b33e9a6884701/view,https://api.sam.gov/prod/opportunities/v1/noticedesc?noticeid=e4a0f355e40a406c972b33e9a6884701,2026-08-05,United States - California,sam_gov,2026-08-17,32
Repair Building 3002 Fuel Cell Hangar,https://sam.gov/opp/788f77af9b3f4666952eef022d25a9a4/view,https://api.sam.gov/prod/opportunities/v1/noticedesc?noticeid=788f77af9b3f4666952eef022d25a9a4,2026-07-30,United States - Maryland,sam_gov,2026-08-17,20
"FY25 MCA PN76898 Aircraft Maintenance Hangar, Wheeler Army Airfield, Oahu, Hawaii",https://sam.gov/opp/cf5f8be0c52d4362955d80a0b85cd0ab/view,https://api.sam.gov/prod/opportunities/v1/noticedesc?noticeid=cf5f8be0c52d4362955d80a0b85cd0ab,2026-07-28,United States,sam_gov,2026-08-17,30
Maine Air National Guard Fuel Cell Hangar Construction,https://sam.gov/opp/b654cba338a04eb0958b47fdf12f792f/view,https://api.sam.gov/prod/opportunities/v1/noticedesc?noticeid=b654cba338a04eb0958b47fdf12f792f,2026-07-28,United States - Maine,sam_gov,2026-08-17,20
B11108 Hangar Repair,https://sam.gov/opp/3bb23c777af543d18f82dcb3b71439ef/view,https://api.sam.gov/prod/opportunities/v1/noticedesc?noticeid=3bb23c777af543d18f82dcb3b71439ef,2026-07-27,United States - Texas,sam_gov,2026-08-17,20
Lighting Replacement at Hangar Deck; accomplish,https://sam.gov/opp/0f4b8b90bc134ad3a6221c37be13036d/view,https://api.sam.gov/prod/opportunities/v1/noticedesc?noticeid=0f4b8b90bc134ad3a6221c37be13036d,2026-07-23,Japan,sam_gov,2026-08-17,20
Repair Maintenance Hangar Facility Building 253 PSTE 172022,https://sam.gov/opp/56c4b1146ed64d459fbb6faf422024b5/view,https://api.sam.gov/prod/opportunities/v1/noticedesc?noticeid=56c4b1146ed64d459fbb6faf422024b5,2026-07-20,United States,sam_gov,2026-08-17,20
APN - AIRFIELD MODIFICATIONS PHASE 1: REHABILITATION AND MODERNIZATION RUNWAY,https://www.merx.com/public/solicitations/4007603761/abstract?language=EN,,2026-06-24,Canada,canadabuys,2026-08-17,14
